{
  "horizon_years": [
    1,
    3,
    5
  ],
  "coefficients": [
    [
      10.499979060061843,
      51.86653331248797,
      -25.7474691175548,
      -60.031701284022944,
      24.950818567770856
    ],
    [
      -1.5329731928275125,
      23.72576675539451,
      -14.428102210396926,
      -6.317684956451865,
      6.364933882089665
    ],
    [
      12.458288325026048,
      -35.974301686210204,
      64.92187247045587,
      -17.652289919521007,
      -5.660043230564063
    ]
  ],
  "feature_names": [
    "intercept",
    "abs_velocity",
    "abs_acceleration",
    "saddle_intensity",
    "position_norm"
  ],
  "n_episodes": 20,
  "provenance": {
    "model": "discrete_time_logistic",
    "random_seed": 42,
    "timestamp": 1771548816,
    "version": 1
  }
}